raw_name,posted_date
74_Turn a Simple Room Into a Luxury Room in 3D home redesign animations_stage1.mp4,2024-04-02 12:30:24
73_Husband Converted Simple Bedroom into Luxury Bedroom In 3D home redesign animations_stage1.mp4,2024-04-02 12:45:00
72_I Made Luxury & Perfect Bedroom For Son  3D Animation By The Stories Time  shorts.mp4 3D home redesign animations_stage1.mp4,2024-04-02 15:08:11
71_I Made Luxury & Perfect Bedroom For Daughter 3D home redesign animations_stage1.mp4,2024-04-02 17:52:29
70_I Made Luxury & Perfect Bedroom For Noughty Child 3D home redesign animations_stage1.mp4,2024-04-02 18:04:41
69_Turn a Simple Living Room Into a Perfect & Luxury Living Room in 3D home redesign animations_stage1.mp4,2024-04-02 19:41:21
68_I Made Luxury & Perfect Kitchen 3D home redesign animations_stage1.mp4,2024-04-02 23:49:18
67_Made a Beautiful Bedroom for My   Daughter 3D home redesign animations_stage1.mp4,2024-04-03 09:25:29
66_I Made Luxury & Perfect Study Room & Bedroom 3D home redesign animations_stage1.mp4,2024-04-03 12:35:04
65_I Made a Luxury & Perfect Bedroom For Two Son 3D home redesign animations_stage1.mp4,2024-04-03 13:40:47
64_I Made a Luxury & Perfect Bathroom For Children 3D home redesign animations_stage1.mp4,2024-04-03 14:00:54
63_Made a Beautiful & Luxury Bedroom For My Son 3D home redesign animations_stage1.mp4,2024-04-03 15:52:59
62_Wife Made a Luxury Bedroom For Her Husband 3D home redesign animations_stage1.mp4,2024-04-03 16:33:09
61_Dad Made a Luxury & Perfect Bedroom For His Daughter 3D home redesign animations_stage1.mp4,2024-04-03 16:52:44
60_I Made a Luxury & Perfect Bedroom For 18 Son 3D home redesign animations_stage1.mp4,2024-04-03 17:25:59
59_I Made a Luxury & Perfect Bathroom For Wife 3D home redesign animations_stage1.mp4,2024-04-03 19:10:10
58_I Made a Beautiful & Luxury Bedroom For Twin Sister 3D home redesign animations_stage1.mp4,2024-04-03 20:45:18
57_Mom Made a Beautiful Bedroom For 8 Children 3D home redesign animations_stage1.mp4,2024-04-04 10:33:58
56_Dad Made a Luxury Bedroom For His Stubborn Son 3D home redesign animations_stage1.mp4,2024-04-04 11:56:58
55_I Made a Luxury & Perfect Bedroom For My Child 3D home redesign animations_stage1.mp4,2024-04-04 12:41:36
54_Father Made a Luxury Bedroom For Five Children 3D home redesign animations_stage1.mp4,2024-04-04 14:17:50
53_Mom Made a Luxury Bedroom For Her Lazy Son 3D home redesign animations_stage1.mp4,2024-04-04 14:19:30
52_I Made a Beautiful Bedroom For My Childs 3D home redesign animations_stage1.mp4,2024-04-04 22:14:15
